url	source	group	schema	title	description
/	site:src/index.md	-	SoftwareSourceCode	Rake: a programming language for SIMD kernels	Rake is a language for SIMD kernels. Each rack is one vector value, and profiles require vector instructions or reject unsupported operations.
/docs/	site:src/docs.md	Overview	CollectionPage	Rake documentation	The Rake documentation: the language reference, a twelve-lesson interactive tutorial, the rakec compiler and its backend, the goals and roadmap.
/docs/syntax/	rake:docs/spec/00_syntax.md	Language	TechArticle	Syntax reference | Rake	Rake's syntax: layout, identifiers, literals, types, statements and expressions, with the marks for uniforms, tines and fused stages explained.
/docs/primitives-operations-and-targets/	rake:docs/spec/01_primitives_operations_and_targets.md	Language	TechArticle	Primitives, operations, and targets | Rake	What each Rake profile compiles: float and integer racks, bit operations, shuffles, floating-point rules, relaxed SIMD, calling conventions and checks.
/docs/tines-and-through/	rake:docs/spec/03_tines_and_through.md	Language	TechArticle	Tines, through and sweeps | Rake	How a Rake rake chooses values lane by lane without branches: tines define masks, through blocks compute under them, and a sweep chooses each result.
/docs/fused-bindings/	rake:docs/spec/04_fused_bindings.md	Language	TechArticle	Fused bindings | Rake	Rake's fused bindings: stages of one pure computation that the compiler may rewrite as a whole, how fused multiply-adds form, and what fma guarantees.
/docs/control-flow/	rake:docs/spec/05_control_flow.md	Language	TechArticle	Control flow | Rake	Conditional expressions by mask or uniform, fixed-count repeat loops, counted loops and branches in runs, and the control flow of Rake's slow code.
/docs/reductions-and-scans/	rake:docs/spec/06_reductions_and_scans.md	Language	TechArticle	Reductions and scans | Rake	Rake's reductions and inclusive scans: their strict lane order, binary32 rounding, strict minimum and maximum, and the profiles that compile them.
/docs/packs-and-runs/	rake:docs/spec/02_packs_and_run.md	Language	TechArticle	Packs, stacks and runs | Rake	Define one record as a pack, collect its fields into a stack of columns, then traverse target-sized racks with a run. Includes tails and the C ABI.
/docs/memory-operations/	rake:docs/spec/07_memory_operations.md	Language	TechArticle	Memory operations | Rake	How Rake runs read and write memory: checked and unchecked accesses, masks, the WebAssembly gather, and designs for scatter, compression and expansion.
/docs/slow-tier/	rake:docs/spec/08_slow_tier.md	Language	TechArticle	The slow tier | Rake	Rake's slow tier: the scalar code of a whole program, its records, state, embedded data and calls to C, and the rules that keep vector code's promises.
/docs/playground/	rake:docs/PLAYGROUND.md	Learning	TechArticle	Playground and tutorial | Rake	An interactive Rake tutorial in twelve lessons, with each concept demonstrated in the result, lane trace, compiler output or diagnostic message.
/docs/vectors/	rake:docs/VECTORS.md	Learning	TechArticle	Vectors cheat sheet | Rake	CPU and GPU vector terminology explained with diagrams: lanes, masks, gather, shuffle, splat, reductions, warps, memory access and execution costs.
/docs/glossary/	rake:docs/GLOSSARY.md	Learning	TechArticle	Glossary | Rake	Rake's language and compiler terms explained: racks, packs, stacks, uniforms, tines, sweeps, bindings, SSA, register allocation and calling conventions.
/docs/rakec/	rake:docs/RAKEC.md	Compiler	TechArticle	The rakec command | Rake	The rakec command line: its modes for checking, interpreting, emitting and verifying Rake programs, its options, its environment and its diagnostics.
/docs/backend/	rake:docs/BACKEND.md	Compiler	TechArticle	The compiler backend | Rake	How rakec lowers native CPU and WebAssembly code, checks objects and separates its planned GPU lane mapping from NVIDIA's physical allocation.
/docs/testing/	rake:test/README.md	Compiler	TechArticle	Testing the compiler | Rake	How the Rake compiler is tested: the fixture manifest, the interpreter and WebAssembly differential, the C boundary tests and the checked documentation.
/docs/goals/	rake:docs/GOALS.md	Project	TechArticle	Language goals | Rake	The promises Rake makes: racks stay vector values, scalars are marked, lanes choose by masks, fused regions stay pure, and claims are checked.
/docs/roadmap/	rake:docs/ROADMAP.md	Project	TechArticle	Compiler roadmap | Rake	Rake's roadmap for native and WebAssembly coverage, language syntax, editor tooling, package releases and the release checks for each feature.
/docs/changelog/	rake:CHANGELOG.md	Project	TechArticle	Changelog | Rake	What changed in each Rake release, starting with 0.4.0-beta: integer racks, runs and whole programs on WebAssembly, and checked documentation examples.
/docs/comparisons/	rake:docs/COMPARISONS.md	Project	TechArticle	Rake and other languages | Rake	Rake, ISPC and Bend 2 compared: SIMD lanes, GPU warps and parallel tasks, their lowering contracts, and the performance that needs measurement.
/docs/gpu/	rake:docs/GPU.md	Project	TechArticle	GPU profiles (design) | Rake	Rake's proposed GPU contract: warp lanes, explicit costs, PTX to verified cubin, exact artifact loading, and what still needs device measurement.
/404.html	site:src/404.md	-	-	Page not found | Rake	There's no page at this address on rake-lang.org. The documentation and the language overview are linked from the header of every page.
